


-- 35-37
INSERT INTO DEPARTMENT VALUES ('JSOE');
INSERT INTO FACULTY VALUES ('FACULTY1', 'PROFESSOR', 'JSOE');
INSERT INTO FACULTY VALUES ('FACULTY2', 'PROFESSOR', 'JSOE');
INSERT INTO FACULTY VALUES ('FACULTY3', 'PROFESSOR', 'JSOE');

-- 8, 38-40 done by respective class section creation
INSERT INTO COURSES VALUES ('CSE132A', 2, 4, 'LETTER', 'NO', 'JSOE');
INSERT INTO CLASS VALUES ('DATABASE SYSTEM PRINCIPLES', 'SPRING', 2018, 'LETTER');
INSERT INTO CLASS_COURSES VALUES ('CSE132A', 'DATABASE SYSTEM PRINCIPLES', 'SPRING', 2018);
INSERT INTO CLASS_SECTION VALUES ('DATABASE SYSTEM PRINCIPLES', 'SPRING', 2018, 'A00', 100, 'FACULTY1');

INSERT INTO CLASS VALUES ('DATABASE SYSTEM PRINCIPLES', 'FALL', 2015, 'LETTER');
INSERT INTO CLASS_COURSES VALUES ('CSE132A', 'DATABASE SYSTEM PRINCIPLES', 'FALL', 2015);
INSERT INTO CLASS_SECTION VALUES ('DATABASE SYSTEM PRINCIPLES', 'FALL', 2015, 'A00', 100, 'FACULTY1');

INSERT INTO CLASS VALUES ('DATABASE SYSTEM PRINCIPLES', 'FALL', 2017, 'LETTER');
INSERT INTO CLASS_COURSES VALUES ('CSE132A', 'DATABASE SYSTEM PRINCIPLES', 'FALL', 2017);
INSERT INTO CLASS_SECTION VALUES ('DATABASE SYSTEM PRINCIPLES', 'FALL', 2017, 'A00', 100, 'FACULTY1');

-- 9
INSERT INTO SECTION_MEETING VALUES ('DATABASE SYSTEM PRINCIPLES', 'SPRING', 2018, 'A00', 'WH100', '120 0 13 ? 3,4,5,6 MON,WED', 'NO', 'REGULAR');
INSERT INTO SECTION_MEETING VALUES ('DATABASE SYSTEM PRINCIPLES', 'SPRING', 2018, 'A00', 'WH100', '50 0 13 ? 3,4,5,6 FRI', 'NO', 'DISCUSSION');

INSERT INTO SECTION_MEETING VALUES ('DATABASE SYSTEM PRINCIPLES', 'FALL', 2017, 'A00', 'WH100', '120 0 13 ? 3,4,5,6 MON,WED', 'NO', 'REGULAR');
INSERT INTO SECTION_MEETING VALUES ('DATABASE SYSTEM PRINCIPLES', 'FALL', 2017, 'A00', 'WH100', '50 0 13 ? 3,4,5,6 FRI', 'NO', 'DISCUSSION');

INSERT INTO SECTION_MEETING VALUES ('DATABASE SYSTEM PRINCIPLES', 'FALL', 2015, 'A00', 'WH100', '120 0 13 ? 3,4,5,6 MON,WED', 'NO', 'REGULAR');
INSERT INTO SECTION_MEETING VALUES ('DATABASE SYSTEM PRINCIPLES', 'FALL', 2015, 'A00', 'WH100', '50 0 13 ? 3,4,5,6 FRI', 'NO', 'DISCUSSION');
-- 10
INSERT INTO COURSES VALUES ('CSE150A', 4, 4, 'LETTER', 'NO', 'JSOE');
INSERT INTO CLASS VALUES ('INTRODUCTION TO ARTIFICIAL INTELLIGENCE', 'SPRING', 2018, 'LETTER');
INSERT INTO CLASS_COURSES VALUES ('CSE150A', 'INTRODUCTION TO ARTIFICIAL INTELLIGENCE', 'SPRING', 2018);
INSERT INTO CLASS_SECTION VALUES ('INTRODUCTION TO ARTIFICIAL INTELLIGENCE', 'SPRING', 2018, 'A00', 100, 'FACULTY2');

INSERT INTO CLASS VALUES ('INTRODUCTION TO ARTIFICIAL INTELLIGENCE', 'FALL', 2017, 'LETTER');
INSERT INTO CLASS_COURSES VALUES ('CSE150A', 'INTRODUCTION TO ARTIFICIAL INTELLIGENCE', 'FALL', 2017);
INSERT INTO CLASS_SECTION VALUES ('INTRODUCTION TO ARTIFICIAL INTELLIGENCE', 'FALL', 2017, 'A00', 100, 'FACULTY2');

INSERT INTO CLASS VALUES ('INTRODUCTION TO ARTIFICIAL INTELLIGENCE', 'FALL', 2015, 'LETTER');
INSERT INTO CLASS_COURSES VALUES ('CSE150A', 'INTRODUCTION TO ARTIFICIAL INTELLIGENCE', 'FALL', 2015);
INSERT INTO CLASS_SECTION VALUES ('INTRODUCTION TO ARTIFICIAL INTELLIGENCE', 'FALL', 2015, 'A00', 100, 'FACULTY2');

-- 11
INSERT INTO SECTION_MEETING VALUES ('INTRODUCTION TO ARTIFICIAL INTELLIGENCE', 'SPRING', 2018, 'A00', 'WH100', '120 0 14 ? 3,4,5,6 MON,WED', 'NO', 'REGULAR');
INSERT INTO SECTION_MEETING VALUES ('INTRODUCTION TO ARTIFICIAL INTELLIGENCE', 'FALL', 2017, 'A00', 'WH100', '120 0 14 ? 3,4,5,6 MON,WED', 'NO', 'REGULAR');
INSERT INTO SECTION_MEETING VALUES ('INTRODUCTION TO ARTIFICIAL INTELLIGENCE', 'FALL', 2015, 'A00', 'WH100', '120 0 14 ? 3,4,5,6 MON,WED', 'NO', 'REGULAR');


-- 12
INSERT INTO COURSES VALUES ('CSE124A', 4, 4, 'LETTER', 'NO', 'JSOE');
INSERT INTO CLASS VALUES ('NETWORKED SYSTEMS', 'SPRING', 2018, 'LETTER');
INSERT INTO CLASS_COURSES VALUES ('CSE124A', 'NETWORKED SYSTEMS', 'SPRING', 2018);
INSERT INTO CLASS_SECTION VALUES ('NETWORKED SYSTEMS', 'SPRING', 2018, 'A00', 100, 'FACULTY2');

INSERT INTO CLASS VALUES ('NETWORKED SYSTEMS', 'FALL', 2017, 'LETTER');
INSERT INTO CLASS_COURSES VALUES ('CSE124A', 'NETWORKED SYSTEMS', 'FALL', 2017);
INSERT INTO CLASS_SECTION VALUES ('NETWORKED SYSTEMS', 'FALL', 2017, 'A00', 100, 'FACULTY2');

INSERT INTO CLASS VALUES ('NETWORKED SYSTEMS', 'FALL', 2015, 'LETTER');
INSERT INTO CLASS_COURSES VALUES ('CSE124A', 'NETWORKED SYSTEMS', 'FALL', 2015);
INSERT INTO CLASS_SECTION VALUES ('NETWORKED SYSTEMS', 'FALL', 2015, 'A00', 100, 'FACULTY2');

-- 13
INSERT INTO SECTION_MEETING VALUES ('NETWORKED SYSTEMS', 'SPRING', 2018, 'A00', 'WH100', '80 0 20 ? 3,4,5,6 TUE,THU', 'NO', 'REGULAR');
INSERT INTO SECTION_MEETING VALUES ('NETWORKED SYSTEMS', 'SPRING', 2018, 'A00', 'WH100', '50 0 12 ? 3,4,5,6 MON', 'NO', 'DISCUSSION');

INSERT INTO SECTION_MEETING VALUES ('NETWORKED SYSTEMS', 'FALL', 2017, 'A00', 'WH100', '80 0 20 ? 3,4,5,6 TUE,THU', 'NO', 'REGULAR');
INSERT INTO SECTION_MEETING VALUES ('NETWORKED SYSTEMS', 'FALL', 2017, 'A00', 'WH100', '50 0 12 ? 3,4,5,6 MON', 'NO', 'DISCUSSION');

INSERT INTO SECTION_MEETING VALUES ('NETWORKED SYSTEMS', 'FALL', 2015, 'A00', 'WH100', '80 0 20 ? 3,4,5,6 TUE,THU', 'NO', 'REGULAR');
INSERT INTO SECTION_MEETING VALUES ('NETWORKED SYSTEMS', 'FALL', 2015, 'A00', 'WH100', '50 0 12 ? 3,4,5,6 MON', 'NO', 'DISCUSSION');

-- 14
INSERT INTO COURSES VALUES ('CSE132B', 2, 4, 'BOTH', 'NO', 'JSOE');
INSERT INTO CLASS VALUES ('DATABASE SYSTEM APPLICATIONS', 'SPRING', 2018, 'BOTH');
INSERT INTO CLASS_COURSES VALUES ('CSE132B', 'DATABASE SYSTEM APPLICATIONS', 'SPRING', 2018);
INSERT INTO CLASS_SECTION VALUES ('DATABASE SYSTEM APPLICATIONS', 'SPRING', 2018, 'A00', 100, 'FACULTY1');

INSERT INTO CLASS VALUES ('DATABASE SYSTEM APPLICATIONS', 'FALL', 2017, 'BOTH');
INSERT INTO CLASS_COURSES VALUES ('CSE132B', 'DATABASE SYSTEM APPLICATIONS', 'FALL', 2017);
INSERT INTO CLASS_SECTION VALUES ('DATABASE SYSTEM APPLICATIONS', 'FALL', 2017, 'A00', 100, 'FACULTY1');

INSERT INTO CLASS VALUES ('DATABASE SYSTEM APPLICATIONS', 'FALL', 2015, 'BOTH');
INSERT INTO CLASS_COURSES VALUES ('CSE132B', 'DATABASE SYSTEM APPLICATIONS', 'FALL', 2015);
INSERT INTO CLASS_SECTION VALUES ('DATABASE SYSTEM APPLICATIONS', 'FALL', 2015, 'A00', 100, 'FACULTY1');

-- 15
INSERT INTO SECTION_MEETING VALUES ('DATABASE SYSTEM APPLICATIONS', 'SPRING', 2018, 'A00', 'WH100', '120 0 15 ? 3,4,5,6 TUE,THU', 'NO', 'REGULAR');
INSERT INTO SECTION_MEETING VALUES ('DATABASE SYSTEM APPLICATIONS', 'FALL', 2017, 'A00', 'WH100', '120 0 15 ? 3,4,5,6 TUE,THU', 'NO', 'REGULAR');
INSERT INTO SECTION_MEETING VALUES ('DATABASE SYSTEM APPLICATIONS', 'FALL', 2015, 'A00', 'WH100', '120 0 15 ? 3,4,5,6 TUE,THU', 'NO', 'REGULAR');

-- 16
INSERT INTO COURSES VALUES ('CSE132C', 2, 4, 'BOTH', 'NO', 'JSOE');
INSERT INTO CLASS VALUES ('DATABASE SYSTEM IMPLEMENTATION', 'SPRING', 2018, 'BOTH');
INSERT INTO CLASS_COURSES VALUES ('CSE132C', 'DATABASE SYSTEM IMPLEMENTATION', 'SPRING', 2018);
INSERT INTO CLASS_SECTION VALUES ('DATABASE SYSTEM IMPLEMENTATION', 'SPRING', 2018, 'A00', 100, 'FACULTY1');

INSERT INTO CLASS VALUES ('DATABASE SYSTEM IMPLEMENTATION', 'FALL', 2017, 'BOTH');
INSERT INTO CLASS_COURSES VALUES ('CSE132C', 'DATABASE SYSTEM IMPLEMENTATION', 'FALL', 2017);
INSERT INTO CLASS_SECTION VALUES ('DATABASE SYSTEM IMPLEMENTATION', 'FALL', 2017, 'A00', 100, 'FACULTY1');

INSERT INTO CLASS VALUES ('DATABASE SYSTEM IMPLEMENTATION', 'FALL', 2015, 'BOTH');
INSERT INTO CLASS_COURSES VALUES ('CSE132C', 'DATABASE SYSTEM IMPLEMENTATION', 'FALL', 2015);
INSERT INTO CLASS_SECTION VALUES ('DATABASE SYSTEM IMPLEMENTATION', 'FALL', 2015, 'A00', 100, 'FACULTY1');

-- 17
INSERT INTO COURSES VALUES ('CSE130', 4, 4, 'LETTER', 'NO', 'JSOE');
INSERT INTO CLASS VALUES ('PROGRAMMING LANGUAGES', 'SPRING', 2018, 'LETTER');
INSERT INTO CLASS_COURSES VALUES ('CSE130', 'PROGRAMMING LANGUAGES', 'SPRING', 2018);
INSERT INTO CLASS_SECTION VALUES ('PROGRAMMING LANGUAGES', 'SPRING', 2018, 'A00', 100, 'FACULTY1');

INSERT INTO CLASS VALUES ('PROGRAMMING LANGUAGES', 'FALL', 2017, 'LETTER');
INSERT INTO CLASS_COURSES VALUES ('CSE130', 'PROGRAMMING LANGUAGES', 'FALL', 2017);
INSERT INTO CLASS_SECTION VALUES ('PROGRAMMING LANGUAGES', 'FALL', 2017, 'A00', 100, 'FACULTY1');

INSERT INTO CLASS VALUES ('PROGRAMMING LANGUAGES', 'FALL', 2015, 'LETTER');
INSERT INTO CLASS_COURSES VALUES ('CSE130', 'PROGRAMMING LANGUAGES', 'FALL', 2015);
INSERT INTO CLASS_SECTION VALUES ('PROGRAMMING LANGUAGES', 'FALL', 2015, 'A00', 100, 'FACULTY1');

-- 18
INSERT INTO SECTION_MEETING VALUES ('PROGRAMMING LANGUAGES', 'SPRING', 2018, 'A00', 'WH100', '180 0 10 ? 3,4,5,6 TUE,THU', 'NO', 'REGULAR');
INSERT INTO SECTION_MEETING VALUES ('PROGRAMMING LANGUAGES', 'SPRING', 2018, 'A00', 'WH100', '60 0 9 ? 3,4,5,6 FRI', 'NO', 'DISCUSSION');

INSERT INTO SECTION_MEETING VALUES ('PROGRAMMING LANGUAGES', 'FALL', 2017, 'A00', 'WH100', '180 0 10 ? 3,4,5,6 TUE,THU', 'NO', 'REGULAR');
INSERT INTO SECTION_MEETING VALUES ('PROGRAMMING LANGUAGES', 'FALL', 2017, 'A00', 'WH100', '60 0 9 ? 3,4,5,6 FRI', 'NO', 'DISCUSSION');

INSERT INTO SECTION_MEETING VALUES ('PROGRAMMING LANGUAGES', 'FALL', 2015, 'A00', 'WH100', '180 0 10 ? 3,4,5,6 TUE,THU', 'NO', 'REGULAR');
INSERT INTO SECTION_MEETING VALUES ('PROGRAMMING LANGUAGES', 'FALL', 2015, 'A00', 'WH100', '60 0 9 ? 3,4,5,6 FRI', 'NO', 'DISCUSSION');

-- 19
INSERT INTO COURSES VALUES ('CSE005', 4, 4, 'LETTER', 'NO', 'JSOE');
INSERT INTO CLASS VALUES ('INTRODUCTION TO PROGRAMMING', 'SPRING', 2018, 'LETTER');
INSERT INTO CLASS VALUES ('INTRODUCTION TO PROGRAMMING', 'FALL', 2017, 'LETTER');
INSERT INTO CLASS VALUES ('INTRODUCTION TO PROGRAMMING', 'FALL', 2015, 'LETTER');


INSERT INTO CLASS_COURSES VALUES ('CSE005', 'INTRODUCTION TO PROGRAMMING', 'SPRING', 2018);
INSERT INTO CLASS_COURSES VALUES ('CSE005', 'INTRODUCTION TO PROGRAMMING', 'FALL', 2017);
INSERT INTO CLASS_COURSES VALUES ('CSE005', 'INTRODUCTION TO PROGRAMMING', 'FALL', 2015);


INSERT INTO CLASS_SECTION VALUES ('INTRODUCTION TO PROGRAMMING', 'SPRING', 2018, 'A00', 100, 'FACULTY3');
INSERT INTO CLASS_SECTION VALUES ('INTRODUCTION TO PROGRAMMING', 'FALL', 2017, 'A00', 100, 'FACULTY3');
INSERT INTO CLASS_SECTION VALUES ('INTRODUCTION TO PROGRAMMING', 'FALL', 2015, 'A00', 100, 'FACULTY3');


-- 20
INSERT INTO COURSES VALUES ('CSE000', 4, 4, 'LETTER', 'NO', 'JSOE');
INSERT INTO CLASS VALUES ('INTRODUCTION TO COMPUTER SCIENCE', 'SPRING', 2018, 'LETTER');
INSERT INTO CLASS VALUES ('INTRODUCTION TO COMPUTER SCIENCE', 'FALL', 2017, 'LETTER');
INSERT INTO CLASS VALUES ('INTRODUCTION TO COMPUTER SCIENCE', 'FALL', 2015, 'LETTER');


INSERT INTO CLASS_COURSES VALUES ('CSE000', 'INTRODUCTION TO COMPUTER SCIENCE', 'SPRING', 2018);
INSERT INTO CLASS_COURSES VALUES ('CSE000', 'INTRODUCTION TO COMPUTER SCIENCE', 'FALL', 2017);
INSERT INTO CLASS_COURSES VALUES ('CSE000', 'INTRODUCTION TO COMPUTER SCIENCE', 'FALL', 2015);


INSERT INTO CLASS_SECTION VALUES ('INTRODUCTION TO COMPUTER SCIENCE', 'SPRING', 2018, 'A00', 100, 'FACULTY3');
INSERT INTO CLASS_SECTION VALUES ('INTRODUCTION TO COMPUTER SCIENCE', 'FALL', 2017, 'A00', 100, 'FACULTY3');
INSERT INTO CLASS_SECTION VALUES ('INTRODUCTION TO COMPUTER SCIENCE', 'FALL', 2015, 'A00', 100, 'FACULTY3');

-- 21
INSERT INTO COURSES VALUES ('CSE007', 4, 4, 'LETTER', 'NO', 'JSOE');
INSERT INTO CLASS VALUES ('PROGRAMMING WITH MATLAB', 'SPRING', 2018, 'LETTER');
INSERT INTO CLASS VALUES ('PROGRAMMING WITH MATLAB', 'FALL', 2017, 'LETTER');
INSERT INTO CLASS VALUES ('PROGRAMMING WITH MATLAB', 'FALL', 2015, 'LETTER');


INSERT INTO CLASS_COURSES VALUES ('CSE007', 'PROGRAMMING WITH MATLAB', 'SPRING', 2018);
INSERT INTO CLASS_COURSES VALUES ('CSE007', 'PROGRAMMING WITH MATLAB', 'FALL', 2017);
INSERT INTO CLASS_COURSES VALUES ('CSE007', 'PROGRAMMING WITH MATLAB', 'FALL', 2015);


INSERT INTO CLASS_SECTION VALUES ('PROGRAMMING WITH MATLAB', 'SPRING', 2018, 'A00', 100, 'FACULTY3');
INSERT INTO CLASS_SECTION VALUES ('PROGRAMMING WITH MATLAB', 'FALL', 2017, 'A00', 100, 'FACULTY3');
INSERT INTO CLASS_SECTION VALUES ('PROGRAMMING WITH MATLAB', 'FALL', 2015, 'A00', 100, 'FACULTY3');


-- 22
INSERT INTO COURSES VALUES ('CSE008', 4, 4, 'LETTER', 'NO', 'JSOE');
INSERT INTO CLASS VALUES ('INTRODUCTION TO PROBLEM SOLVING', 'SPRING', 2018, 'LETTER');
INSERT INTO CLASS VALUES ('INTRODUCTION TO PROBLEM SOLVING', 'FALL', 2017, 'LETTER');
INSERT INTO CLASS VALUES ('INTRODUCTION TO PROBLEM SOLVING', 'FALL', 2015, 'LETTER');


INSERT INTO CLASS_COURSES VALUES ('CSE008', 'INTRODUCTION TO PROBLEM SOLVING', 'SPRING', 2018);
INSERT INTO CLASS_COURSES VALUES ('CSE008', 'INTRODUCTION TO PROBLEM SOLVING', 'FALL', 2017);
INSERT INTO CLASS_COURSES VALUES ('CSE008', 'INTRODUCTION TO PROBLEM SOLVING', 'FALL', 2015);


INSERT INTO CLASS_SECTION VALUES ('INTRODUCTION TO PROBLEM SOLVING', 'SPRING', 2018, 'A00', 100, 'FACULTY3');
INSERT INTO CLASS_SECTION VALUES ('INTRODUCTION TO PROBLEM SOLVING', 'FALL', 2017, 'A00', 100, 'FACULTY3');
INSERT INTO CLASS_SECTION VALUES ('INTRODUCTION TO PROBLEM SOLVING', 'FALL', 2015, 'A00', 100, 'FACULTY3');


-- 23
INSERT INTO DEPARTMENT VALUES ('MATHEMATICS');

INSERT INTO COURSES VALUES ('MATH132A', 4, 4, 'LETTER', 'NO', 'MATHEMATICS');
INSERT INTO CLASS VALUES ('PARTIAL DIFFERENTIAL EQUATIONS', 'SPRING', 2018, 'LETTER');
INSERT INTO CLASS_COURSES VALUES ('MATH132A', 'PARTIAL DIFFERENTIAL EQUATIONS', 'SPRING', 2018);
INSERT INTO CLASS_SECTION VALUES ('PARTIAL DIFFERENTIAL EQUATIONS', 'SPRING', 2018, 'A00', 100, 'FACULTY1');

INSERT INTO CLASS VALUES ('PARTIAL DIFFERENTIAL EQUATIONS', 'FALL', 2015, 'LETTER');
INSERT INTO CLASS_COURSES VALUES ('MATH132A', 'PARTIAL DIFFERENTIAL EQUATIONS', 'FALL', 2015);
INSERT INTO CLASS_SECTION VALUES ('PARTIAL DIFFERENTIAL EQUATIONS', 'FALL', 2015, 'A00', 100, 'FACULTY1');

INSERT INTO CLASS VALUES ('PARTIAL DIFFERENTIAL EQUATIONS', 'FALL', 2017, 'LETTER');
INSERT INTO CLASS_COURSES VALUES ('MATH132A', 'PARTIAL DIFFERENTIAL EQUATIONS', 'FALL', 2017);
INSERT INTO CLASS_SECTION VALUES ('PARTIAL DIFFERENTIAL EQUATIONS', 'FALL', 2017, 'A00', 100, 'FACULTY1');


INSERT INTO SECTION_MEETING VALUES ('PARTIAL DIFFERENTIAL EQUATIONS', 'SPRING', 2018, 'A00', 'WH100', '120 0 13 ? 3,4,5,6 MON,WED', 'NO', 'REGULAR');
INSERT INTO SECTION_MEETING VALUES ('PARTIAL DIFFERENTIAL EQUATIONS', 'SPRING', 2018, 'A00', 'WH100', '50 0 13 ? 3,4,5,6 FRI', 'NO', 'DISCUSSION');

INSERT INTO SECTION_MEETING VALUES ('PARTIAL DIFFERENTIAL EQUATIONS', 'FALL', 2017, 'A00', 'WH100', '120 0 13 ? 3,4,5,6 MON,WED', 'NO', 'REGULAR');
INSERT INTO SECTION_MEETING VALUES ('PARTIAL DIFFERENTIAL EQUATIONS', 'FALL', 2017, 'A00', 'WH100', '50 0 13 ? 3,4,5,6 FRI', 'NO', 'DISCUSSION');

INSERT INTO SECTION_MEETING VALUES ('PARTIAL DIFFERENTIAL EQUATIONS', 'FALL', 2015, 'A00', 'WH100', '120 0 13 ? 3,4,5,6 MON,WED', 'NO', 'REGULAR');
INSERT INTO SECTION_MEETING VALUES ('PARTIAL DIFFERENTIAL EQUATIONS', 'FALL', 2015, 'A00', 'WH100', '50 0 13 ? 3,4,5,6 FRI', 'NO', 'DISCUSSION');


INSERT INTO COURSES VALUES ('MATH150A', 4, 4, 'LETTER', 'NO', 'MATHEMATICS');
INSERT INTO CLASS VALUES ('DIFFERENTIAL GEOMETRY', 'SPRING', 2018, 'LETTER');
INSERT INTO CLASS_COURSES VALUES ('MATH150A', 'DIFFERENTIAL GEOMETRY', 'SPRING', 2018);
INSERT INTO CLASS_SECTION VALUES ('DIFFERENTIAL GEOMETRY', 'SPRING', 2018, 'A00', 100, 'FACULTY2');

INSERT INTO CLASS VALUES ('DIFFERENTIAL GEOMETRY', 'FALL', 2017, 'LETTER');
INSERT INTO CLASS_COURSES VALUES ('MATH150A', 'DIFFERENTIAL GEOMETRY', 'FALL', 2017);
INSERT INTO CLASS_SECTION VALUES ('DIFFERENTIAL GEOMETRY', 'FALL', 2017, 'A00', 100, 'FACULTY2');

INSERT INTO CLASS VALUES ('DIFFERENTIAL GEOMETRY', 'FALL', 2015, 'LETTER');
INSERT INTO CLASS_COURSES VALUES ('MATH150A', 'DIFFERENTIAL GEOMETRY', 'FALL', 2015);
INSERT INTO CLASS_SECTION VALUES ('DIFFERENTIAL GEOMETRY', 'FALL', 2015, 'A00', 100, 'FACULTY2');


INSERT INTO SECTION_MEETING VALUES ('DIFFERENTIAL GEOMETRY', 'SPRING', 2018, 'A00', 'WH100', '120 0 14 ? 3,4,5,6 MON,WED', 'NO', 'REGULAR');

INSERT INTO SECTION_MEETING VALUES ('DIFFERENTIAL GEOMETRY', 'FALL', 2017, 'A00', 'WH100', '120 0 14 ? 3,4,5,6 MON,WED', 'NO', 'REGULAR');

INSERT INTO SECTION_MEETING VALUES ('DIFFERENTIAL GEOMETRY', 'FALL', 2015, 'A00', 'WH100', '120 0 14 ? 3,4,5,6 MON,WED', 'NO', 'REGULAR');


INSERT INTO COURSES VALUES ('MATH124A', 4, 4, 'LETTER', 'NO', 'MATHEMATICS');
INSERT INTO CLASS VALUES ('LEARNING MATH I', 'SPRING', 2018, 'LETTER');
INSERT INTO CLASS_COURSES VALUES ('MATH124A', 'LEARNING MATH I', 'SPRING', 2018);
INSERT INTO CLASS_SECTION VALUES ('LEARNING MATH I', 'SPRING', 2018, 'A00', 100, 'FACULTY2');

INSERT INTO CLASS VALUES ('LEARNING MATH I', 'FALL', 2017, 'LETTER');
INSERT INTO CLASS_COURSES VALUES ('MATH124A', 'LEARNING MATH I', 'FALL', 2017);
INSERT INTO CLASS_SECTION VALUES ('LEARNING MATH I', 'FALL', 2017, 'A00', 100, 'FACULTY2');

INSERT INTO CLASS VALUES ('LEARNING MATH I', 'FALL', 2015, 'LETTER');
INSERT INTO CLASS_COURSES VALUES ('MATH124A', 'LEARNING MATH I', 'FALL', 2015);
INSERT INTO CLASS_SECTION VALUES ('LEARNING MATH I', 'FALL', 2015, 'A00', 100, 'FACULTY2');


INSERT INTO SECTION_MEETING VALUES ('LEARNING MATH I', 'SPRING', 2018, 'A00', 'WH100', '80 0 20 ? 3,4,5,6 TUE,THU', 'NO', 'REGULAR');
INSERT INTO SECTION_MEETING VALUES ('LEARNING MATH I', 'SPRING', 2018, 'A00', 'WH100', '50 0 12 ? 3,4,5,6 MON', 'NO', 'DISCUSSION');

INSERT INTO SECTION_MEETING VALUES ('LEARNING MATH I', 'FALL', 2017, 'A00', 'WH100', '80 0 20 ? 3,4,5,6 TUE,THU', 'NO', 'REGULAR');
INSERT INTO SECTION_MEETING VALUES ('LEARNING MATH I', 'FALL', 2017, 'A00', 'WH100', '50 0 12 ? 3,4,5,6 MON', 'NO', 'DISCUSSION');

INSERT INTO SECTION_MEETING VALUES ('LEARNING MATH I', 'FALL', 2015, 'A00', 'WH100', '80 0 20 ? 3,4,5,6 TUE,THU', 'NO', 'REGULAR');
INSERT INTO SECTION_MEETING VALUES ('LEARNING MATH I', 'FALL', 2015, 'A00', 'WH100', '50 0 12 ? 3,4,5,6 MON', 'NO', 'DISCUSSION');


INSERT INTO COURSES VALUES ('MATH132B', 4, 4, 'BOTH', 'NO', 'MATHEMATICS');
INSERT INTO CLASS VALUES ('INTEGRAL EQUATIONS', 'SPRING', 2018, 'BOTH');
INSERT INTO CLASS_COURSES VALUES ('MATH132B', 'INTEGRAL EQUATIONS', 'SPRING', 2018);
INSERT INTO CLASS_SECTION VALUES ('INTEGRAL EQUATIONS', 'SPRING', 2018, 'A00', 100, 'FACULTY1');

INSERT INTO CLASS VALUES ('INTEGRAL EQUATIONS', 'FALL', 2017, 'BOTH');
INSERT INTO CLASS_COURSES VALUES ('MATH132B', 'INTEGRAL EQUATIONS', 'FALL', 2017);
INSERT INTO CLASS_SECTION VALUES ('INTEGRAL EQUATIONS', 'FALL', 2017, 'A00', 100, 'FACULTY1');

INSERT INTO CLASS VALUES ('INTEGRAL EQUATIONS', 'FALL', 2015, 'BOTH');
INSERT INTO CLASS_COURSES VALUES ('MATH132B', 'INTEGRAL EQUATIONS', 'FALL', 2015);
INSERT INTO CLASS_SECTION VALUES ('INTEGRAL EQUATIONS', 'FALL', 2015, 'A00', 100, 'FACULTY1');


INSERT INTO SECTION_MEETING VALUES ('INTEGRAL EQUATIONS', 'SPRING', 2018, 'A00', 'WH100', '120 0 15 ? 3,4,5,6 TUE,THU', 'NO', 'REGULAR');

INSERT INTO SECTION_MEETING VALUES ('INTEGRAL EQUATIONS', 'FALL', 2017, 'A00', 'WH100', '120 0 15 ? 3,4,5,6 TUE,THU', 'NO', 'REGULAR');

INSERT INTO SECTION_MEETING VALUES ('INTEGRAL EQUATIONS', 'FALL', 2015, 'A00', 'WH100', '120 0 15 ? 3,4,5,6 TUE,THU', 'NO', 'REGULAR');


INSERT INTO COURSES VALUES ('MATH132C', 4, 4, 'BOTH', 'NO', 'MATHEMATICS');
INSERT INTO CLASS VALUES ('DIFFERENTIAL EQUATIONS', 'SPRING', 2018, 'BOTH');
INSERT INTO CLASS_COURSES VALUES ('MATH132B', 'DIFFERENTIAL EQUATIONS', 'SPRING', 2018);
INSERT INTO CLASS_SECTION VALUES ('DIFFERENTIAL EQUATIONS', 'SPRING', 2018, 'A00', 100, 'FACULTY1');

INSERT INTO CLASS VALUES ('DIFFERENTIAL EQUATIONS', 'FALL', 2017, 'BOTH');
INSERT INTO CLASS_COURSES VALUES ('MATH132B', 'DIFFERENTIAL EQUATIONS', 'FALL', 2017);
INSERT INTO CLASS_SECTION VALUES ('DIFFERENTIAL EQUATIONS', 'FALL', 2017, 'A00', 100, 'FACULTY1');

INSERT INTO CLASS VALUES ('DIFFERENTIAL EQUATIONS', 'FALL', 2015, 'BOTH');
INSERT INTO CLASS_COURSES VALUES ('MATH132B', 'DIFFERENTIAL EQUATIONS', 'FALL', 2015);
INSERT INTO CLASS_SECTION VALUES ('DIFFERENTIAL EQUATIONS', 'FALL', 2015, 'A00', 100, 'FACULTY1');


INSERT INTO COURSES VALUES ('MATH130', 4, 4, 'LETTER', 'NO', 'MATHEMATICS');
INSERT INTO CLASS VALUES ('FOUNDATIONS OF REAL ANALYSIS', 'SPRING', 2018, 'LETTER');
INSERT INTO CLASS_COURSES VALUES ('MATH130', 'FOUNDATIONS OF REAL ANALYSIS', 'SPRING', 2018);
INSERT INTO CLASS_SECTION VALUES ('FOUNDATIONS OF REAL ANALYSIS', 'SPRING', 2018, 'A00', 100, 'FACULTY1');

INSERT INTO CLASS VALUES ('FOUNDATIONS OF REAL ANALYSIS', 'FALL', 2015, 'LETTER');
INSERT INTO CLASS_COURSES VALUES ('MATH130', 'FOUNDATIONS OF REAL ANALYSIS', 'FALL', 2015);
INSERT INTO CLASS_SECTION VALUES ('FOUNDATIONS OF REAL ANALYSIS', 'FALL', 2015, 'A00', 100, 'FACULTY1');

INSERT INTO CLASS VALUES ('FOUNDATIONS OF REAL ANALYSIS', 'FALL', 2017, 'LETTER');
INSERT INTO CLASS_COURSES VALUES ('MATH130', 'FOUNDATIONS OF REAL ANALYSIS', 'FALL', 2017);
INSERT INTO CLASS_SECTION VALUES ('FOUNDATIONS OF REAL ANALYSIS', 'FALL', 2017, 'A00', 100, 'FACULTY1');


INSERT INTO SECTION_MEETING VALUES ('FOUNDATIONS OF REAL ANALYSIS', 'SPRING', 2018, 'A00', 'WH100', '180 0 10 ? 3,4,5,6 TUE,THU', 'NO', 'REGULAR');
INSERT INTO SECTION_MEETING VALUES ('FOUNDATIONS OF REAL ANALYSIS', 'SPRING', 2018, 'A00', 'WH100', '60 0 9 ? 3,4,5,6 FRI', 'NO', 'DISCUSSION');

INSERT INTO SECTION_MEETING VALUES ('FOUNDATIONS OF REAL ANALYSIS', 'FALL', 2017, 'A00', 'WH100', '180 0 10 ? 3,4,5,6 TUE,THU', 'NO', 'REGULAR');
INSERT INTO SECTION_MEETING VALUES ('FOUNDATIONS OF REAL ANALYSIS', 'FALL', 2017, 'A00', 'WH100', '60 0 9 ? 3,4,5,6 FRI', 'NO', 'DISCUSSION');

INSERT INTO SECTION_MEETING VALUES ('FOUNDATIONS OF REAL ANALYSIS', 'FALL', 2015, 'A00', 'WH100', '180 0 10 ? 3,4,5,6 TUE,THU', 'NO', 'REGULAR');
INSERT INTO SECTION_MEETING VALUES ('FOUNDATIONS OF REAL ANALYSIS', 'FALL', 2015, 'A00', 'WH100', '60 0 9 ? 3,4,5,6 FRI', 'NO', 'DISCUSSION');


INSERT INTO COURSES VALUES ('MATH005', 4, 4, 'LETTER', 'NO', 'MATHEMATICS');
INSERT INTO CLASS VALUES ('PRECALC', 'SPRING', 2018, 'LETTER');
INSERT INTO CLASS VALUES ('PRECALC', 'FALL', 2017, 'LETTER');
INSERT INTO CLASS VALUES ('PRECALC', 'FALL', 2015, 'LETTER');

INSERT INTO CLASS_COURSES VALUES ('MATH005', 'PRECALC', 'SPRING', 2018);
INSERT INTO CLASS_COURSES VALUES ('MATH005', 'PRECALC', 'FALL', 2017);
INSERT INTO CLASS_COURSES VALUES ('MATH005', 'PRECALC', 'FALL', 2015);

INSERT INTO CLASS_SECTION VALUES ('PRECALC', 'SPRING', 2018, 'A00', 100, 'FACULTY3');
INSERT INTO CLASS_SECTION VALUES ('PRECALC', 'FALL', 2017, 'A00', 100, 'FACULTY3');
INSERT INTO CLASS_SECTION VALUES ('PRECALC', 'FALL', 2015, 'A00', 100, 'FACULTY3');


INSERT INTO COURSES VALUES ('MATH000', 4, 4, 'LETTER', 'NO', 'MATHEMATICS');
INSERT INTO CLASS VALUES ('INTRODUCTION TO MATH', 'SPRING', 2018, 'LETTER');
INSERT INTO CLASS VALUES ('INTRODUCTION TO MATH', 'FALL', 2017, 'LETTER');
INSERT INTO CLASS VALUES ('INTRODUCTION TO MATH', 'FALL', 2015, 'LETTER');

INSERT INTO CLASS_COURSES VALUES ('MATH000', 'INTRODUCTION TO MATH', 'SPRING', 2018);
INSERT INTO CLASS_COURSES VALUES ('MATH000', 'INTRODUCTION TO MATH', 'FALL', 2017);
INSERT INTO CLASS_COURSES VALUES ('MATH000', 'INTRODUCTION TO MATH', 'FALL', 2015);

INSERT INTO CLASS_SECTION VALUES ('INTRODUCTION TO MATH', 'SPRING', 2018, 'A00', 100, 'FACULTY3');
INSERT INTO CLASS_SECTION VALUES ('INTRODUCTION TO MATH', 'FALL', 2017, 'A00', 100, 'FACULTY3');
INSERT INTO CLASS_SECTION VALUES ('INTRODUCTION TO MATH', 'FALL', 2015, 'A00', 100, 'FACULTY3');


INSERT INTO COURSES VALUES ('MATH007', 4, 4, 'LETTER', 'NO', 'MATHEMATICS');
INSERT INTO CLASS VALUES ('CALCULUS I', 'SPRING', 2018, 'LETTER');
INSERT INTO CLASS VALUES ('CALCULUS I', 'FALL', 2017, 'LETTER');
INSERT INTO CLASS VALUES ('CALCULUS I', 'FALL', 2015, 'LETTER');

INSERT INTO CLASS_COURSES VALUES ('MATH007', 'CALCULUS I', 'SPRING', 2018);
INSERT INTO CLASS_COURSES VALUES ('MATH007', 'CALCULUS I', 'FALL', 2017);
INSERT INTO CLASS_COURSES VALUES ('MATH007', 'CALCULUS I', 'FALL', 2015);

INSERT INTO CLASS_SECTION VALUES ('CALCULUS I', 'SPRING', 2018, 'A00', 100, 'FACULTY3');
INSERT INTO CLASS_SECTION VALUES ('CALCULUS I', 'FALL', 2017, 'A00', 100, 'FACULTY3');
INSERT INTO CLASS_SECTION VALUES ('CALCULUS I', 'FALL', 2015, 'A00', 100, 'FACULTY3');

INSERT INTO COURSES VALUES ('MATH008', 4, 4, 'LETTER', 'NO', 'MATHEMATICS');
INSERT INTO CLASS VALUES ('CALCULUS II', 'SPRING', 2018, 'LETTER');
INSERT INTO CLASS VALUES ('CALCULUS II', 'FALL', 2017, 'LETTER');
INSERT INTO CLASS VALUES ('CALCULUS II', 'FALL', 2015, 'LETTER');

INSERT INTO CLASS_COURSES VALUES ('MATH008', 'CALCULUS II', 'SPRING', 2018);
INSERT INTO CLASS_COURSES VALUES ('MATH008', 'CALCULUS II', 'FALL', 2017);
INSERT INTO CLASS_COURSES VALUES ('MATH008', 'CALCULUS II', 'FALL', 2015);

INSERT INTO CLASS_SECTION VALUES ('CALCULUS II', 'SPRING', 2018, 'A00', 100, 'FACULTY3');
INSERT INTO CLASS_SECTION VALUES ('CALCULUS II', 'FALL', 2017, 'A00', 100, 'FACULTY3');
INSERT INTO CLASS_SECTION VALUES ('CALCULUS II', 'FALL', 2015, 'A00', 100, 'FACULTY3');

-- 24

-- 1
INSERT INTO DEGREE VALUES ('COMPUTER SCIENCE','BS',32, 'JSOE');

INSERT INTO CATEGORIES VALUES ('COMPUTER SCIENCE', 'BS', 'UPPER DIVISION', 12, -1, 'CSE132A');
INSERT INTO CATEGORIES VALUES ('COMPUTER SCIENCE', 'BS', 'UPPER DIVISION', 12, -1, 'CSE132B');
INSERT INTO CATEGORIES VALUES ('COMPUTER SCIENCE', 'BS', 'UPPER DIVISION', 12, -1, 'CSE132C');
INSERT INTO CATEGORIES VALUES ('COMPUTER SCIENCE', 'BS', 'UPPER DIVISION', 12, -1, 'CSE130');
INSERT INTO CATEGORIES VALUES ('COMPUTER SCIENCE', 'BS', 'UPPER DIVISION', 12, -1, 'CSE150A');
INSERT INTO CATEGORIES VALUES ('COMPUTER SCIENCE', 'BS', 'UPPER DIVISION', 12, -1, 'CSE124A');

INSERT INTO CATEGORIES VALUES ('COMPUTER SCIENCE', 'BS', 'LOWER DIVISION', 12, -1, 'CSE000');
INSERT INTO CATEGORIES VALUES ('COMPUTER SCIENCE', 'BS', 'LOWER DIVISION', 12, -1, 'CSE005');
INSERT INTO CATEGORIES VALUES ('COMPUTER SCIENCE', 'BS', 'LOWER DIVISION', 12, -1, 'CSE007');
INSERT INTO CATEGORIES VALUES ('COMPUTER SCIENCE', 'BS', 'LOWER DIVISION', 12, -1, 'CSE008');


INSERT INTO CATEGORIES VALUES ('COMPUTER SCIENCE', 'BS', 'TECHNICAL ELECTIVE', 8, -1, 'CSE132A');
INSERT INTO CATEGORIES VALUES ('COMPUTER SCIENCE', 'BS', 'TECHNICAL ELECTIVE', 8, -1, 'CSE132B');
INSERT INTO CATEGORIES VALUES ('COMPUTER SCIENCE', 'BS', 'TECHNICAL ELECTIVE', 8, -1, 'CSE132C');
INSERT INTO CATEGORIES VALUES ('COMPUTER SCIENCE', 'BS', 'TECHNICAL ELECTIVE', 8, -1, 'CSE130');
INSERT INTO CATEGORIES VALUES ('COMPUTER SCIENCE', 'BS', 'TECHNICAL ELECTIVE', 8, -1, 'CSE150A');
INSERT INTO CATEGORIES VALUES ('COMPUTER SCIENCE', 'BS', 'TECHNICAL ELECTIVE', 8, -1, 'CSE124A');

INSERT INTO CATEGORIES VALUES ('COMPUTER SCIENCE', 'BS', 'TECHNICAL ELECTIVE', 8, -1, 'CSE000');
INSERT INTO CATEGORIES VALUES ('COMPUTER SCIENCE', 'BS', 'TECHNICAL ELECTIVE', 8, -1, 'CSE005');
INSERT INTO CATEGORIES VALUES ('COMPUTER SCIENCE', 'BS', 'TECHNICAL ELECTIVE', 8, -1, 'CSE007');
INSERT INTO CATEGORIES VALUES ('COMPUTER SCIENCE', 'BS', 'TECHNICAL ELECTIVE', 8, -1, 'CSE008');

-- 2

INSERT INTO DEGREE VALUES ('MATH','BS',36, 'MATHEMATICS');

INSERT INTO CATEGORIES VALUES ('MATH', 'BS', 'UPPER DIVISION', 8, -1, 'MATH132A');
INSERT INTO CATEGORIES VALUES ('MATH', 'BS', 'UPPER DIVISION', 8, -1, 'MATH132B');
INSERT INTO CATEGORIES VALUES ('MATH', 'BS', 'UPPER DIVISION', 8, -1, 'MATH132C');
INSERT INTO CATEGORIES VALUES ('MATH', 'BS', 'UPPER DIVISION', 8, -1, 'MATH130');
INSERT INTO CATEGORIES VALUES ('MATH', 'BS', 'UPPER DIVISION', 8, -1, 'MATH150A');
INSERT INTO CATEGORIES VALUES ('MATH', 'BS', 'UPPER DIVISION', 8, -1, 'MATH124A');

INSERT INTO CATEGORIES VALUES ('MATH', 'BS', 'LOWER DIVISION', 16, -1, 'MATH000');
INSERT INTO CATEGORIES VALUES ('MATH', 'BS', 'LOWER DIVISION', 16, -1, 'MATH005');
INSERT INTO CATEGORIES VALUES ('MATH', 'BS', 'LOWER DIVISION', 16, -1, 'MATH007');
INSERT INTO CATEGORIES VALUES ('MATH', 'BS', 'LOWER DIVISION', 16, -1, 'MATH008');


INSERT INTO CATEGORIES VALUES ('MATH', 'BS', 'TECHNICAL ELECTIVE', 12, -1, 'MATH132A');
INSERT INTO CATEGORIES VALUES ('MATH', 'BS', 'TECHNICAL ELECTIVE', 12, -1, 'MATH132B');
INSERT INTO CATEGORIES VALUES ('MATH', 'BS', 'TECHNICAL ELECTIVE', 12, -1, 'MATH132C');
INSERT INTO CATEGORIES VALUES ('MATH', 'BS', 'TECHNICAL ELECTIVE', 12, -1, 'MATH130');
INSERT INTO CATEGORIES VALUES ('MATH', 'BS', 'TECHNICAL ELECTIVE', 12, -1, 'MATH150A');
INSERT INTO CATEGORIES VALUES ('MATH', 'BS', 'TECHNICAL ELECTIVE', 12, -1, 'MATH124A');

INSERT INTO CATEGORIES VALUES ('MATH', 'BS', 'TECHNICAL ELECTIVE', 12, -1, 'MATH000');
INSERT INTO CATEGORIES VALUES ('MATH', 'BS', 'TECHNICAL ELECTIVE', 12, -1, 'MATH005');
INSERT INTO CATEGORIES VALUES ('MATH', 'BS', 'TECHNICAL ELECTIVE', 12, -1, 'MATH007');
INSERT INTO CATEGORIES VALUES ('MATH', 'BS', 'TECHNICAL ELECTIVE', 12, -1, 'MATH008');

-- 3
INSERT INTO DEGREE VALUES ('COMPUTER SCIENCE', 'MS', 18, 'JSOE');
INSERT INTO CONCENTRATION VALUES ('COMPUTER SCIENCE', 'MS', 'DATABASE', 6, 3);
INSERT INTO CONCENTRATION VALUES ('COMPUTER SCIENCE', 'MS', 'SYSTEMS', 12, 3);


INSERT INTO DEGREE VALUES ('MATH', 'MS', 18, 'MATHEMATICS');
INSERT INTO CONCENTRATION VALUES ('MATH', 'MS', 'NUMBER THEORY', 6, 3);
INSERT INTO CONCENTRATION VALUES ('MATH', 'MS', 'CALCULUS', 12, 3);

-- 5
INSERT INTO STUDENT VALUES (111111111, '111111111', 'student1', NULL,'student1', 'CA', 'ENROLLED');
INSERT INTO MAJOR VALUES ('111111111', 'COMPUTER SCIENCE');
INSERT INTO MINOR VALUES ('111111111', 'ECONOMICS');
INSERT INTO COLLEGE VALUES ('111111111', 'WARREN');
INSERT INTO STUDENT_DEGREE VALUES ('111111111', 'COMPUTER SCIENCE', 'BS');

-- 6
INSERT INTO STUDENT VALUES (222222222, '222222222', 'student2', NULL,'student2', 'CA', 'ENROLLED');
INSERT INTO MAJOR VALUES ('222222222', 'COMPUTER SCIENCE');
INSERT INTO MINOR VALUES ('222222222', 'MATH');
INSERT INTO COLLEGE VALUES ('222222222', 'WARREN');
INSERT INTO STUDENT_DEGREE VALUES ('222222222', 'COMPUTER SCIENCE', 'BS');

-- 7
INSERT INTO STUDENT VALUES (333333333, '333333333', 'student3', NULL,'student3', 'CA', 'ENROLLED');
INSERT INTO MAJOR VALUES ('333333333', 'MATH');
INSERT INTO MINOR VALUES ('333333333', 'AQUATICS');
INSERT INTO COLLEGE VALUES ('333333333', 'WARREN');
INSERT INTO STUDENT_DEGREE VALUES ('333333333', 'MATH', 'BS');

-- 25
INSERT INTO SECTION_ENROLLMENT VALUES ('DATABASE SYSTEM PRINCIPLES', 'SPRING', 2018, 'A00', '111111111', 4, 'LETTER');
INSERT INTO SECTION_ENROLLMENT VALUES ('DATABASE SYSTEM PRINCIPLES', 'SPRING', 2018, 'A00', '222222222', 2, 'LETTER');
INSERT INTO SECTION_ENROLLMENT VALUES ('DATABASE SYSTEM PRINCIPLES', 'SPRING', 2018, 'A00', '333333333', 2, 'LETTER');

-- 26
INSERT INTO SECTION_ENROLLMENT VALUES ('PROGRAMMING LANGUAGES', 'SPRING', 2018, 'A00', '111111111', 4, 'LETTER');

-- 27
INSERT INTO STUDENT_CLASSES VALUES ('111111111', 4, 'A', 'DATABASE SYSTEM APPLICATIONS', 'FALL', 2015, 'A00');
INSERT INTO STUDENT_CLASSES VALUES ('222222222', 2, 'B', 'DATABASE SYSTEM APPLICATIONS', 'FALL', 2015, 'A00');
INSERT INTO STUDENT_CLASSES VALUES ('333333333', 2, 'C', 'DATABASE SYSTEM APPLICATIONS', 'FALL', 2015, 'A00');

-- 28
INSERT INTO STUDENT_CLASSES VALUES ('111111111', 3, 'B', 'DATABASE SYSTEM IMPLEMENTATION', 'FALL', 2015, 'A00');
INSERT INTO STUDENT_CLASSES VALUES ('222222222', 4, 'C', 'DATABASE SYSTEM IMPLEMENTATION', 'FALL', 2015, 'A00');
INSERT INTO STUDENT_CLASSES VALUES ('333333333', 4, 'A', 'DATABASE SYSTEM IMPLEMENTATION', 'FALL', 2015, 'A00');

-- 29
INSERT INTO STUDENT VALUES (444444444, '444444444', 'student4', NULL,'student4', 'CA', 'ENROLLED');
INSERT INTO STUDENT_DEGREE VALUES ('444444444', 'COMPUTER SCIENCE', 'MS');
INSERT INTO GRAD VALUES ('444444444', 'MASTERS', 'JSOE');

-- 30
INSERT INTO STUDENT VALUES (555555555, '555555555', 'student5', NULL,'student5', 'CA', 'ENROLLED');
INSERT INTO STUDENT_DEGREE VALUES ('555555555', 'MATH', 'MS');
INSERT INTO GRAD VALUES ('555555555', 'MASTERS', 'MATHEMATICS');

-- 31
INSERT INTO CONCENTRATION_COURSES VALUES ('DATABASE', 'CSE132A');
INSERT INTO CONCENTRATION_COURSES VALUES ('DATABASE', 'CSE132B');
INSERT INTO CONCENTRATION_COURSES VALUES ('DATABASE', 'CSE132C');

-- 32
INSERT INTO CONCENTRATION_COURSES VALUES ('SYSTEMS', 'CSE130');
INSERT INTO CONCENTRATION_COURSES VALUES ('SYSTEMS', 'CSE000');
INSERT INTO CONCENTRATION_COURSES VALUES ('SYSTEMS', 'CSE007');
INSERT INTO CONCENTRATION_COURSES VALUES ('SYSTEMS', 'CSE132B');

-- 33
INSERT INTO CONCENTRATION_COURSES VALUES ('NUMBER THEORY', 'MATH132A');
INSERT INTO CONCENTRATION_COURSES VALUES ('NUMBER THEORY', 'MATH132B');
INSERT INTO CONCENTRATION_COURSES VALUES ('NUMBER THEORY', 'MATH132C');

-- 34
INSERT INTO CONCENTRATION_COURSES VALUES ('CALCULUS', 'MATH130');
INSERT INTO CONCENTRATION_COURSES VALUES ('CALCULUS', 'MATH000');
INSERT INTO CONCENTRATION_COURSES VALUES ('CALCULUS', 'MATH007');
INSERT INTO CONCENTRATION_COURSES VALUES ('CALCULUS', 'MATH132B');


-- 41
INSERT INTO STUDENT VALUES (666666666, '666666666', 'student6', NULL,'student6', 'CA', 'ENROLLED');
INSERT INTO MAJOR VALUES ('666666666', 'MATH');
INSERT INTO MINOR VALUES ('666666666', 'COMPUTER SCIENCE');
INSERT INTO COLLEGE VALUES ('666666666', 'SIXTH');
INSERT INTO STUDENT_DEGREE VALUES ('666666666', 'MATH', 'BS');

INSERT INTO STUDENT VALUES (777777777, '777777777', 'student7', NULL,'student7', 'CA', 'ENROLLED');
INSERT INTO MAJOR VALUES ('777777777', 'COMPUTER SCIENCE');
INSERT INTO MINOR VALUES ('777777777', 'ENGLISH');
INSERT INTO COLLEGE VALUES ('777777777', 'WARREN');
INSERT INTO STUDENT_DEGREE VALUES ('777777777', 'COMPUTER SCIENCE', 'BS');

INSERT INTO STUDENT VALUES (888888888, '888888888', 'student8',NULL ,'student8', 'CA', 'ENROLLED');
INSERT INTO MAJOR VALUES ('888888888', 'COMPUTER SCIENCE');
INSERT INTO MINOR VALUES ('888888888', 'ASIAN STUDIES');
INSERT INTO COLLEGE VALUES ('888888888', 'REVELLE');
INSERT INTO STUDENT_DEGREE VALUES ('888888888', 'COMPUTER SCIENCE', 'BS');

INSERT INTO STUDENT VALUES (999999999, '999999999', 'student9', NULL,'student9', 'CA', 'ENROLLED');
INSERT INTO MAJOR VALUES ('999999999', 'COMPUTER SCIENCE');
INSERT INTO MINOR VALUES ('999999999', 'PSYCHOLOGY');
INSERT INTO COLLEGE VALUES ('999999999', 'WARREN');
INSERT INTO STUDENT_DEGREE VALUES ('999999999', 'COMPUTER SCIENCE', 'BS');

INSERT INTO STUDENT VALUES (100000000, '100000000', 'student10', NULL,'student10', 'CA', 'ENROLLED');
INSERT INTO MAJOR VALUES ('100000000', 'MATH');
INSERT INTO MINOR VALUES ('100000000', 'COGNITIVE SCIENCE');
INSERT INTO COLLEGE VALUES ('100000000', 'MARSHALL');
INSERT INTO STUDENT_DEGREE VALUES ('100000000', 'MATH', 'BS');

INSERT INTO STUDENT VALUES (100000001, '100000001', 'student11', NULL,'student11', 'CA', 'ENROLLED');
INSERT INTO STUDENT_DEGREE VALUES ('100000001', 'COMPUTER SCIENCE', 'MS');
INSERT INTO GRAD VALUES ('100000001', 'MASTERS', 'JSOE');

INSERT INTO STUDENT VALUES (100000002, '100000002', 'student12', NULL,'student12', 'CA', 'ENROLLED');
INSERT INTO STUDENT_DEGREE VALUES ('100000002', 'MATH', 'MS');
INSERT INTO GRAD VALUES ('100000002', 'MASTERS', 'MATHEMATICS');

INSERT INTO STUDENT VALUES (100000003, '100000003', 'student13', NULL,'student13', 'OOS', 'ENROLLED');
INSERT INTO STUDENT_DEGREE VALUES ('100000003', 'COMPUTER SCIENCE', 'MS');
INSERT INTO GRAD VALUES ('100000003', 'MASTERS', 'JSOE');

INSERT INTO STUDENT VALUES (100000004, '100000004', 'student14', NULL,'student14', 'CA', 'ENROLLED');
INSERT INTO STUDENT_DEGREE VALUES ('100000004', 'COMPUTER SCIENCE', 'MS');
INSERT INTO GRAD VALUES ('100000004', 'MASTERS', 'JSOE');

INSERT INTO STUDENT VALUES (100000005, '100000005', 'student15', NULL,'student15', 'CA', 'ENROLLED');
INSERT INTO STUDENT_DEGREE VALUES ('100000005', 'MATH', 'MS');
INSERT INTO GRAD VALUES ('100000005', 'MASTERS', 'MATHEMATICS');

-- 42
INSERT INTO STUDENT_CLASSES VALUES ('666666666', 4, 'A', 'INTRODUCTION TO PROBLEM SOLVING', 'FALL', 2017, 'A00');
INSERT INTO STUDENT_CLASSES VALUES ('777777777', 4, 'A', 'INTRODUCTION TO PROBLEM SOLVING', 'FALL', 2017, 'A00');
INSERT INTO STUDENT_CLASSES VALUES ('888888888', 4, 'B', 'INTRODUCTION TO PROBLEM SOLVING', 'FALL', 2017, 'A00');
INSERT INTO STUDENT_CLASSES VALUES ('999999999', 4, 'B', 'INTRODUCTION TO PROBLEM SOLVING', 'FALL', 2017, 'A00');
INSERT INTO STUDENT_CLASSES VALUES ('100000000', 4, 'C', 'INTRODUCTION TO PROBLEM SOLVING', 'FALL', 2017, 'A00');
INSERT INTO STUDENT_CLASSES VALUES ('100000001', 4, 'C', 'INTRODUCTION TO PROBLEM SOLVING', 'FALL', 2017, 'A00');
INSERT INTO STUDENT_CLASSES VALUES ('100000002', 4, 'C', 'INTRODUCTION TO PROBLEM SOLVING', 'FALL', 2017, 'A00');
INSERT INTO STUDENT_CLASSES VALUES ('100000003', 4, 'D', 'INTRODUCTION TO PROBLEM SOLVING', 'FALL', 2017, 'A00');
INSERT INTO STUDENT_CLASSES VALUES ('100000004', 4, 'D', 'INTRODUCTION TO PROBLEM SOLVING', 'FALL', 2017, 'A00');
INSERT INTO STUDENT_CLASSES VALUES ('100000005', 4, 'D', 'INTRODUCTION TO PROBLEM SOLVING', 'FALL', 2017, 'A00');

-- 43
INSERT INTO STUDENT_CLASSES VALUES ('666666666', 4, 'A', 'INTRODUCTION TO PROGRAMMING', 'FALL', 2017, 'A00');
INSERT INTO STUDENT_CLASSES VALUES ('777777777', 4, 'A', 'INTRODUCTION TO PROGRAMMING', 'FALL', 2017, 'A00');
INSERT INTO STUDENT_CLASSES VALUES ('888888888', 4, 'A', 'INTRODUCTION TO PROGRAMMING', 'FALL', 2017, 'A00');
INSERT INTO STUDENT_CLASSES VALUES ('999999999', 4, 'A', 'INTRODUCTION TO PROGRAMMING', 'FALL', 2017, 'A00');
INSERT INTO STUDENT_CLASSES VALUES ('100000000', 4, 'A', 'INTRODUCTION TO PROGRAMMING', 'FALL', 2017, 'A00');
INSERT INTO STUDENT_CLASSES VALUES ('100000001', 4, 'B', 'INTRODUCTION TO PROGRAMMING', 'FALL', 2017, 'A00');
INSERT INTO STUDENT_CLASSES VALUES ('100000002', 4, 'B', 'INTRODUCTION TO PROGRAMMING', 'FALL', 2017, 'A00');
INSERT INTO STUDENT_CLASSES VALUES ('100000003', 4, 'B', 'INTRODUCTION TO PROGRAMMING', 'FALL', 2017, 'A00');
INSERT INTO STUDENT_CLASSES VALUES ('100000004', 4, 'B', 'INTRODUCTION TO PROGRAMMING', 'FALL', 2017, 'A00');
INSERT INTO STUDENT_CLASSES VALUES ('100000005', 4, 'C', 'INTRODUCTION TO PROGRAMMING', 'FALL', 2017, 'A00');

-- 44
INSERT INTO STUDENT_CLASSES VALUES ('666666666', 4, 'A', 'INTRODUCTION TO ARTIFICIAL INTELLIGENCE', 'FALL', 2017, 'A00');
INSERT INTO STUDENT_CLASSES VALUES ('777777777', 4, 'A', 'INTRODUCTION TO ARTIFICIAL INTELLIGENCE', 'FALL', 2017, 'A00');
INSERT INTO STUDENT_CLASSES VALUES ('888888888', 4, 'A', 'INTRODUCTION TO ARTIFICIAL INTELLIGENCE', 'FALL', 2017, 'A00');
INSERT INTO STUDENT_CLASSES VALUES ('999999999', 4, 'A', 'INTRODUCTION TO ARTIFICIAL INTELLIGENCE', 'FALL', 2017, 'A00');
INSERT INTO STUDENT_CLASSES VALUES ('100000000', 4, 'A', 'INTRODUCTION TO ARTIFICIAL INTELLIGENCE', 'FALL', 2017, 'A00');
INSERT INTO STUDENT_CLASSES VALUES ('100000001', 4, 'B', 'INTRODUCTION TO ARTIFICIAL INTELLIGENCE', 'FALL', 2017, 'A00');
INSERT INTO STUDENT_CLASSES VALUES ('100000002', 4, 'B', 'INTRODUCTION TO ARTIFICIAL INTELLIGENCE', 'FALL', 2017, 'A00');
INSERT INTO STUDENT_CLASSES VALUES ('100000003', 4, 'B', 'INTRODUCTION TO ARTIFICIAL INTELLIGENCE', 'FALL', 2017, 'A00');
INSERT INTO STUDENT_CLASSES VALUES ('100000004', 4, 'B', 'INTRODUCTION TO ARTIFICIAL INTELLIGENCE', 'FALL', 2017, 'A00');
INSERT INTO STUDENT_CLASSES VALUES ('100000005', 4, 'C', 'INTRODUCTION TO ARTIFICIAL INTELLIGENCE', 'FALL', 2017, 'A00');


-- Grade conversion
INSERT INTO grade_conversion values ('A+', 4.3);
INSERT INTO grade_conversion values('A', 4);
INSERT INTO grade_conversion values('A-', 3.7);
INSERT INTO grade_conversion values('B+', 3.4);
INSERT INTO grade_conversion values('B', 3.1);
INSERT INTO grade_conversion values('B-', 2.8);
INSERT INTO grade_conversion values('C+', 2.5);
INSERT INTO grade_conversion values('C', 2.2);
INSERT INTO grade_conversion values('C-', 1.9);
INSERT INTO grade_conversion values('D', 1.6);
INSERT INTO grade_conversion values('S', 0.0);
INSERT INTO grade_conversion values('U', -1.0);
INSERT INTO grade_conversion values('IN', -2.0);
